﻿{
  "language": [
    {
      "id": 0,
      "name": "普通话",
      "subname_en": "Chinese(Mandarin)",
      "subname_hk": "中文(普通话)",
      "subname_zh": "中文(普通话)",
      "subname_ja": "北京話",
      "subname_ru": "Китайский (мандаринский)",
      "subname_ko": "중국어 (표준어)",
      "subname_es": "Chino (mandarín)",
      "subname_fr": "Chinois: mandarin)",
      "subname_nl": "Mandarijn) ",
      "subname_pt": "Chinês (mandarim)",
      "subname_it": "IL cinese mandarino.",
      "subname_tw": "中文（普通話） ",
      "flag": "https://www.dfs.smart0.cn/group2/M00/03/D5/rBIavFxqB7OEZ7t0AAAAAM2OZaI141.jpg"
    },
    {
      "id": 1,
      "name": "粤语",
      "subname_en": "Chinese(Cantonese)",
      "subname_hk": "中文(粵語)",
      "subname_zh": "中文(粤语)",
      "subname_ja": "広東語",
      "subname_ru": "китайский (кантонский) китайский ",
      "subname_ko": "중국어 (광둥 성).",
      "subname_es": "Chino (cantonés)",
      "subname_fr": "Chinois (Mandarin)",
      "subname_nl": "Chinese (u) ",
      "subname_pt": "Chinês (mandarim)",
      "subname_it": "Cinese (cantonese)",
      "subname_tw": "中文（粵語） ",
      "flag": "https://www.dfs.smart0.cn/group2/M00/01/76/Ch9MEFqflA-AHv4cAAA9bab8zaE412.jpg"
    },
    {
      "id": 3,
      "name": "English(US)",
      "subname_en": "English(US)",
      "subname_hk": "英語(美國)",
      "subname_zh": "英语(美国)",
      "subname_ja": "英語(アメリカ)",
      "subname_ru": "Английский (США) ",
      "subname_ko": "영어 (미국)",
      "subname_es": "Inglés (Estados Unidos",
      "subname_fr": "Anglais (États - Unis)",
      "subname_nl": "Het Engels (Verenigde Staten)",
      "subname_pt": "Inglês (Estados Unidos)",
      "subname_it": "Inglese (Stati Uniti)",
      "subname_tw": "英語（美國）",
      "flag": "https://www.dfs.smart0.cn/group2/M00/00/D7/Ch9MEFo6FVmEajx9AAAAAF6NxJE994.jpg"
    },
    {
      "id": 4,
      "name": "English(AU)",
      "subname_en": "English(AU)",
      "subname_hk": "英語(澳大利亞)",
      "subname_zh": "英语(澳大利亚)",
      "subname_ja": "英語(オーストラリア)",
      "subname_ru": "Английский (Австралия)",
      "subname_ko": "영어 (호주)",
      "subname_es": "Inglés (australia)",
      "subname_fr": "Anglais (Australie)",
      "subname_nl": "Engels (Australië)",
      "subname_pt": "Inglês (austrália)",
      "subname_it": "Inglese (Australia)",
      "subname_tw": "英語(澳大利亞)",
      "flag": "https://www.dfs.smart0.cn/group1/M00/01/44/Ch9MHVo6FeOEKmbFAAAAAAd5_OA298.jpg"
    },
    {
      "id": 5,
      "name": "English(CA)",
      "subname_en": "English(CA)",
      "subname_hk": "英語(加拿大)",
      "subname_zh": "英语(加拿大)",
      "subname_ja": "英語(カナダ)",
      "subname_ru": "Английский (Канада)",
      "subname_ko": "영어 (캐나다)",
      "subname_es": "Inglés (canadá)",
      "subname_fr": "Anglais (Canada)",
      "subname_nl": "Engels (Canada)",
      "subname_pt": "Inglês (canadá)",
      "subname_it": "Inglese (Canada)",
      "subname_tw": "英語(加拿大)",
      "flag": "https://www.dfs.smart0.cn/group2/M00/00/D7/Ch9MEFo6FiaEHVxeAAAAAHXDYeI792.jpg"
    },
    {
      "id": 6,
      "name": "English(UK)",
      "subname_en": "English(UK)",
      "subname_hk": "英語(英國)",
      "subname_zh": "英语(英国)",
      "subname_ja": "英語(イギリス)",
      "subname_ru": "Английский (Великобритания)",
      "subname_ko": "영어 (영국)",
      "subname_es": "Inglés (reino unido)",
      "subname_fr": "Anglais (Royaume-Uni)",
      "subname_nl": "Engels (VK)",
      "subname_pt": "Inglês (reino unido)",
      "subname_it": "Inglese (Regno Unito)",
      "subname_tw": "英語(英國)",
      "flag": "https://www.dfs.smart0.cn/group2/M00/00/D7/Ch9MEFo6HqCEHuD7AAAAALPTp4Y152.jpg"
    },
    {
      "id": 7,
      "name": "English(IN)",
      "subname_en": "English(IN)",
      "subname_hk": "英語(印度)",
      "subname_zh": "英语(印度)",
      "subname_ja": "英語(インド)",
      "subname_ru": "Английский (Индия)",
      "subname_ko": "영어 (인도)",
      "subname_es": "Inglés (india)",
      "subname_fr": "Anglais (Inde)",
      "subname_nl": "Engels (India)",
      "subname_pt": "Inglês (índia)",
      "subname_it": "Inglese (India)",
      "subname_tw": "英語(印度)",
      "flag": "https://www.dfs.smart0.cn/group2/M00/00/D7/Ch9MEFo6FqCEU2U8AAAAANot0Y8204.jpg"
    },
    {
      "id": 8,
      "name": "English(NZ)",
      "subname_en": "English(NZ)",
      "subname_hk": "英語(新西蘭)",
      "subname_zh": "英语(新西兰)",
      "subname_ja": "英語(ニュージーランド)",
      "subname_ru": "Английский (Новая Зеландия)",
      "subname_ko": "영어 (뉴질랜드)",
      "subname_es": "Inglés (nueva zelanda)",
      "subname_fr": "Anglais (nouvelle-zélande)",
      "subname_nl": "Engels (Nieuw Zeeland)",
      "subname_pt": "Inglês (nova zelândia)",
      "subname_it": "Inglese (Nuova Zelanda)",
      "subname_tw": "英語(新西蘭)",
      "flag": "https://www.dfs.smart0.cn/group2/M00/00/D7/Ch9MEFo6Fr2EZ0PiAAAAAAiTEAs790.jpg"
    },
    {
      "id": 9,
      "name": "اللغة العربية(EG*)",
      "subname_en": "Arabic (Egypt)",
      "subname_hk": "阿拉伯語(埃及)",
      "subname_zh": "阿拉伯语(埃及)",
      "subname_ja": "アラビア語(エジプト)",
      "subname_ru": "Арабский (Египет)",
      "subname_ko": "아랍어 (이집트)",
      "subname_es": "Árabe (egipto)",
      "subname_fr": "Arabe (Égypte)",
      "subname_nl": "Arabisch (Egypte)",
      "subname_pt": "Árabe (egito)",
      "subname_it": "Arabo (Egitto)",
      "subname_tw": "阿拉伯語(埃及)",
      "flag": "https://www.dfs.smart0.cn/group2/M00/00/D7/Ch9MEFo6FuaEIux7AAAAAMn1HAU326.jpg"
    },
    {
      "id": 10,
      "name": "dansk(DK)",
      "subname_en": "Danish",
      "subname_hk": "丹麥語",
      "subname_zh": "丹麦语",
      "subname_ja": "デンマーク語",
      "subname_ru": "Датский язык",
      "subname_ko": "덴마크어",
      "subname_es": "danés",
      "subname_fr": "danois",
      "subname_nl": "Deens",
      "subname_pt": "dinamarquês",
      "subname_it": "danese",
      "subname_tw": "丹麥語",
      "flag": "https://www.dfs.smart0.cn/group2/M00/00/D7/Ch9MEFo6F6CEBdlXAAAAABXVUrQ270.jpg"
    },
    {
      "id": 11,
      "name": "Deutsch(DE)",
      "subname_en": "German",
      "subname_hk": "德語(德國)",
      "subname_zh": "德语(德国)",
      "subname_ja": "ドイツ語（ドイツ）",
      "subname_ru": "Немецкий (Германия)",
      "subname_ko": "독일어",
      "subname_es": "Alemán (alemania)",
      "subname_fr": "Allemand (allemagne)",
      "subname_nl": "Duits (Duitsland)",
      "subname_pt": "Alemão (alemanha)",
      "subname_it": "Tedesco (Germania)",
      "subname_tw": "德語(德國)",
      "flag": "https://www.dfs.smart0.cn/group2/M00/00/D7/Ch9MEFo6F8SEScgKAAAAAABZcws266.jpg"
    },
    {
      "id": 12,
      "name": "Español(ES)",
      "subname_en": "Spanish (Spain)",
      "subname_hk": "西班牙語(西班牙)",
      "subname_zh": "西班牙语(西班牙)",
      "subname_ja": "スペイン語(スペイン)",
      "subname_ru": "Испанский (Испания)",
      "subname_ko": "스페인어 (스페인)",
      "subname_es": "Español (españa)",
      "subname_fr": "Espagnol (Espagne)",
      "subname_nl": "Spaans (Spanje)",
      "subname_pt": "Espanhol (espanha)",
      "subname_it": "Spagnolo (Spagna)",
      "subname_tw": "西班牙語(西班牙)",
      "flag": "https://www.dfs.smart0.cn/group2/M00/00/D7/Ch9MEFo6GAyEbSH1AAAAANNuWcA986.jpg"
    },
    {
      "id": 13,
      "name": "Español(MX)",
      "subname_en": "Spanish (Mexico)",
      "subname_hk": "西班牙語(墨西哥)",
      "subname_zh": "西班牙语(墨西哥)",
      "subname_ja": "スペイン語（メキシコ）",
      "subname_ru": "Испанский (Мексика)",
      "subname_ko": "스페인어 (멕시코)",
      "subname_es": "Español (méxico)",
      "subname_fr": "Espagnol (Mexique)",
      "subname_nl": "Spaans (Mexico)",
      "subname_pt": "Espanhol (méxico)",
      "subname_it": "Spagnolo (Messico)",
      "subname_tw": "西班牙語(墨西哥)",
      "flag": "https://www.dfs.smart0.cn/group2/M00/00/D7/Ch9MEFo6H6uEatT0AAAAAGF2RyI683.png"
    },
    {
      "id": 14,
      "name": "Suomen",
      "subname_en": "Finnish",
      "subname_hk": "芬蘭語",
      "subname_zh": "芬兰语",
      "subname_ja": "フィンランド語",
      "subname_ru": "Финский язык",
      "subname_ko": "핀란드어",
      "subname_es": "finlandés",
      "subname_fr": "finnois",
      "subname_nl": "Fins",
      "subname_pt": "finlandês",
      "subname_it": "finlandese",
      "subname_tw": "芬蘭語",
      "flag": "https://www.dfs.smart0.cn/group1/M00/01/44/Ch9MHVo6GriEPlYiAAAAAOvhJ_g661.jpg"
    },
    {
      "id": 15,
      "name": "Français",
      "subname_en": "French (Canada)",
      "subname_hk": "法語(加拿大)",
      "subname_zh": "法语(加拿大)",
      "subname_ja": "フランス語(カナダ)",
      "subname_ru": "Французский (Канада)",
      "subname_ko": "불어 (캐나다)",
      "subname_es": "Francés (canadá)",
      "subname_fr": "Français (Canada)",
      "subname_nl": "Frans (Canada)",
      "subname_pt": "Francês (canadá)",
      "subname_it": "Francese (Canada)",
      "subname_tw": "法語(加拿大)",
      "flag": "https://www.dfs.smart0.cn/group2/M00/00/D7/Ch9MEFo6FiaEHVxeAAAAAHXDYeI792.jpg"
    },
    {
      "id": 16,
      "name": "Français(FR)",
      "subname_en": "French (France)",
      "subname_hk": "法語(法國)",
      "subname_zh": "法语(法国)",
      "subname_ja": "フランス語(フランス)",
      "subname_ru": "Французский (Франция)",
      "subname_ko": "불어 (프랑스)",
      "subname_es": "Francés (francia)",
      "subname_fr": "Français (France)",
      "subname_nl": "Frans (Frankrijk)",
      "subname_pt": "Francês (frança)",
      "subname_it": "Francese (Francia)",
      "subname_tw": "法語(法國)",
      "flag": "https://www.dfs.smart0.cn/group2/M00/00/D7/Ch9MEFo6G02ELFYIAAAAACzf2Xo970.jpg"
    },
    {
      "id": 17,
      "name": "Italiano(IT)",
      "subname_en": "Italian",
      "subname_hk": "意大利語(意大利)",
      "subname_zh": "意大利语(意大利)",
      "subname_ja": "イタリア語(イタリア)",
      "subname_ru": "Итальянский (Италия)",
      "subname_ko": "이탈리아 (이탈리아).",
      "subname_es": "Italiano (italia)",
      "subname_fr": "Italien (Italie)",
      "subname_nl": "Italiaans (Italië)",
      "subname_pt": "Italiano (itália)",
      "subname_it": "Italiano (Italia)",
      "subname_tw": "意大利語(意大利)",
      "flag": "https://www.dfs.smart0.cn/group1/M00/01/44/Ch9MHVo6G4aEIW-JAAAAAOmThZ4468.jpg"
    },
    {
      "id": 18,
      "name": "日本語",
      "subname_en": "Japanese",
      "subname_hk": "日語",
      "subname_zh": "日语",
      "subname_ja": "日本語",
      "subname_ru": "японский",
      "subname_ko": "일본어",
      "subname_es": "japonés",
      "subname_fr": "japonais",
      "subname_nl": "Japans",
      "subname_pt": "japonês",
      "subname_it": "giapponese",
      "subname_tw": "日語",
      "flag": "https://www.dfs.smart0.cn/group1/M00/01/44/Ch9MHVo6G52ENj-2AAAAANDD-1g074.jpg"
    },
    {
      "id": 19,
      "name": "한국어",
      "subname_en": "Korean",
      "subname_hk": "韓語",
      "subname_zh": "韩语",
      "subname_ja": "韓国語",
      "subname_ru": "корейский",
      "subname_ko": "한국어",
      "subname_es": "coreano",
      "subname_fr": "coréen",
      "subname_nl": "Koreaans",
      "subname_pt": "coreano",
      "subname_it": "coreano",
      "subname_tw": "韓語",
      "flag": "https://www.dfs.smart0.cn/group1/M00/01/44/Ch9MHVo6G7SEOnDEAAAAACriQ6A401.jpg"
    },
    {
      "id": 20,
      "name": "Nederlands(NL)",
      "subname_en": "Dutch (Netherlands)",
      "subname_hk": "荷蘭語(荷蘭)",
      "subname_zh": "荷兰语(荷兰)",
      "subname_ja": "オランダ語(オランダ)",
      "subname_ru": "Нидерланды (Нидерланды)",
      "subname_ko": "네덜란드어 (네덜란드)",
      "subname_es": "Neerlandés (países bajos)",
      "subname_fr": "Néerlandais (Pays-Bas)",
      "subname_nl": "Nederlands (Nederland)",
      "subname_pt": "Holandês (holanda)",
      "subname_it": "Olandese (Paesi Bassi)",
      "subname_tw": "荷蘭語(荷蘭)",
      "flag": "https://www.dfs.smart0.cn/group2/M00/00/D7/Ch9MEFo6HBiEDPcgAAAAAE5s1B4206.jpg"
    },
    {
      "id": 21,
      "name": "Polski",
      "subname_en": "Polish",
      "subname_hk": "波蘭語",
      "subname_zh": "波兰语",
      "subname_ja": "ポーランド語",
      "subname_ru": "Польский язык",
      "subname_ko": "폴란드어",
      "subname_es": "polaco",
      "subname_fr": "polonais",
      "subname_nl": "Pools",
      "subname_pt": "polaco",
      "subname_it": "Polonais",
      "subname_tw": "polacco",
      "flag": "https://www.dfs.smart0.cn/group2/M00/00/D7/Ch9MEFo6HDuEXE4vAAAAAMBryWo813.jpg"
    },
    {
      "id": 22,
      "name": "Português(BR)",
      "subname_en": "Portugal (Brazil)",
      "subname_hk": "葡萄牙語(巴西)",
      "subname_zh": "葡萄牙语(巴西)",
      "subname_ja": "ポルトガル語(ブラジル)",
      "subname_ru": "Португальский (Бразилия)",
      "subname_ko": "포르투갈어 (브라질)",
      "subname_es": "Portugués (brasil)",
      "subname_fr": "Portugais (Brésil)",
      "subname_nl": "Portugees (Brazilië)",
      "subname_pt": "Português (brasil)",
      "subname_it": "Portoghese (Brasile)",
      "subname_tw": "葡萄牙語(巴西)",
      "flag": "https://www.dfs.smart0.cn/group2/M00/00/D7/Ch9MEFo6HF6EMoofAAAAAADOy8w594.jpg"
    },
    {
      "id": 23,
      "name": "Português(PT)",
      "subname_en": "Portugal (Portuguese)",
      "subname_hk": "葡萄牙語(葡萄牙)",
      "subname_zh": "葡萄牙语(葡萄牙)",
      "subname_ja": "ポルトガル語(ポルトガル)",
      "subname_ru": "Португальский (Португалия)",
      "subname_ko": "포르투갈어 (포르투갈).",
      "subname_es": "Portugués (portugal)",
      "subname_fr": "Portugais (Portugal)",
      "subname_nl": "Portugees (Portugal)",
      "subname_pt": "Português (portugal)",
      "subname_it": "Portoghese (Portogallo)",
      "subname_tw": "葡萄牙語(葡萄牙)",
      "flag": "https://www.dfs.smart0.cn/group2/M00/00/D7/Ch9MEFo6HICEGWGLAAAAALC5MEM787.jpg"
    },
    {
      "id": 24,
      "name": "русский",
      "subname_en": "Russian",
      "subname_hk": "俄語",
      "subname_zh": "俄语",
      "subname_ja": "ロシア語",
      "subname_ru": "русский",
      "subname_ko": "러시아어",
      "subname_es": "ruso",
      "subname_fr": "russe",
      "subname_nl": "Russisch",
      "subname_pt": "Inglés (india)",
      "subname_it": "Inglés (india)",
      "subname_tw": "俄語",
      "flag": "https://www.dfs.smart0.cn/group2/M00/00/D7/Ch9MEFo6HMSEIcUKAAAAAA0sxl4946.jpg"
    },
    {
      "id": 25,
      "name": "svenska",
      "subname_en": "Swedish",
      "subname_hk": "瑞典語",
      "subname_zh": "瑞典语",
      "subname_ja": "スウェーデン語",
      "subname_ru": "Шведский язык",
      "subname_ko": "스웨덴어",
      "subname_es": "sueco",
      "subname_fr": "suédois",
      "subname_nl": "Zweeds",
      "subname_pt": "sueco",
      "subname_it": "svedese",
      "subname_tw": "瑞典語",
      "flag": "https://www.dfs.smart0.cn/group1/M00/01/44/Ch9MHVo6HOaEQY9MAAAAAGhDTKI276.jpg"
    },
    {
      "id": 87,
      "name": "ไทย (ประเทศไทย)",
      "subname_en": "Thailand",
      "subname_hk": "泰語(泰國)",
      "subname_zh": "泰语(泰国)",
      "subname_ja": "タイ語(タイ)",
      "subname_ru": "Тайский язык (Таиланд)",
      "subname_ko": "태어 (태국)",
      "subname_es": "Thai (tailandia)",
      "subname_fr": "Thaï (Thaïlande)",
      "subname_nl": "Thais (Thailand)",
      "subname_pt": "O tailandês (tailândia)",
      "subname_it": "Thai (Tailandia)",
      "subname_tw": "泰語(泰國)",
      "flag": "https://www.dfs.smart0.cn/group1/M00/01/44/Ch9MHVo6HS-EGfM9AAAAAL7idP4484.jpg"
    },
    {
      "id": 30,
      "name": "Čeština(Českárepublika)",
      "subname": "Czech",
      "subname_en": "Czech",
      "subname_hk": "捷克(捷克共和國)",
      "subname_zh": "捷克(捷克共和国)",
      "subname_ja": "チェコ(チェコ共和国)",
      "subname_ru": "Чешская республика (Чешская республика)",
      "subname_ko": "체코 (체코 공화국)",
      "subname_es": "República checa (república checa)",
      "subname_fr": "République Tchèque (République Tchèque)",
      "subname_nl": "Tsjechië (Tsjechië)",
      "subname_pt": "República checa (república checa)",
      "subname_it": "Repubblica Ceca (Repubblica Ceca)",
      "subname_tw": "捷克(捷克共和國)",
      "flag": "https://www.dfs.smart0.cn/group2/M00/00/D7/Ch9MEFo6HZuEbsRJAAAAAImHuB4751.jpg"
    },
    {
      "id": 37,
      "name": "Español(Colombia)",
      "subname_en": "Spanish (Colombia)",
      "subname_hk": "西班牙語(哥倫比亞)",
      "subname_zh": "西班牙语(哥伦比亚)",
      "subname_ja": "スペイン語(コロンビア)",
      "subname_ru": "Испанский (Колумбия)",
      "subname_ko": "스페인어",
      "subname_es": "Español (colombia)",
      "subname_fr": "Espagnol (Colombie)",
      "subname_nl": "Spaans (Colombia)",
      "subname_pt": "Espanhol (colômbia)",
      "subname_it": "Spagnolo (Colombia)",
      "subname_tw": "西班牙語(哥倫比亞)",
      "flag": "https://www.dfs.smart0.cn/group3/M00/0D/45/rBIavVt6gFuAQkO1AAA8pwwreMU564.jpg"
    },
    {
      "id": 38,
      "name": "Español(CostaRica)",
      "subname_en": "Spanish (costa rica)",
      "subname_hk": "西班牙語(哥斯達黎加)",
      "subname_zh": "西班牙语(哥斯达黎加)",
      "subname_ja": "スペイン語(コスタリカ)",
      "subname_ru": "Испанский (коста-рика)",
      "subname_ko": "스페인어 (코스타리카)",
      "subname_es": "Español (Costa Rica)",
      "subname_fr": "Espagnol (Costa Rica)",
      "subname_nl": "Spaans (Costa Rica)",
      "subname_pt": "Espanhol (costa rica)",
      "subname_it": "Spagnolo (Costa Rica)",
      "subname_tw": "西班牙語(哥斯達黎加)",
      "flag": "https://www.dfs.smart0.cn/group3/M00/0D/45/rBIavVt6f9GAezeRAABM81YMdaY778.jpg"
    },
    {
      "id": 45,
      "name": "Español(Panamá)",
      "subname_en": "Spanish (panama)",
      "subname_hk": "西班牙語(巴拿馬)",
      "subname_zh": "西班牙语(巴拿马)",
      "subname_ja": "スペイン語(パナマ)",
      "subname_ru": "Испанский (Панама)",
      "subname_ko": "스페인어 (파나마)",
      "subname_es": "Español (panamá)",
      "subname_fr": "Espagnol (Panama)",
      "subname_nl": "Spaans (Panama)",
      "subname_pt": "Espanhol (panamá)",
      "subname_it": "Spagnolo (Panama)",
      "subname_tw": "西班牙語(巴拿馬)",
      "flag": "https://www.dfs.smart0.cn/group3/M00/0D/45/rBIavVt6gCGAP9u-AAA_ohWQ8rw180.jpg"
    },
    {
      "id": 61,
      "name": "Română (România)",
      "subname_en": "Romanian",
      "subname_hk": "羅馬尼亞語(羅馬尼亞)",
      "subname_zh": "罗马尼亚语(罗马尼亚)",
      "subname_ja": "ルーマニア（ルーマニア）",
      "subname_ru": "Румыния (румыния)",
      "subname_ko": "루마니아어 (루마니아)",
      "subname_es": "Rumano (rumania)",
      "subname_fr": "Roumain (Roumanie)",
      "subname_nl": "Roemeens (Roemenië)",
      "subname_pt": "Romeno (roménia)",
      "subname_it": "Rumeno (Romania)",
      "subname_tw": "羅馬尼亞語(羅馬尼亞)",
      "flag": "https://www.dfs.smart0.cn/group2/M00/00/D7/Ch9MEFo6HbeEEEXLAAAAAC7Ad38796.jpg"
    },
    {
      "id": 59,
      "name": "Magyar(Magyarország)",
      "subname_en": "Hungarian",
      "subname_hk": "匈牙利語(匈牙利)",
      "subname_zh": "匈牙利语(匈牙利)",
      "subname_ja": "ハンガリー語(ハンガリー)",
      "subname_ru": "Венгерский (Венгрия)",
      "subname_ko": "헝가리어 (헝가리)",
      "subname_es": "Húngaro (hungría)",
      "subname_fr": "Hongrois (Hongrie)",
      "subname_nl": "Hongaars (Hongarije)",
      "subname_pt": "Húngaro (hungria)",
      "subname_it": "Ungherese (Ungheria)",
      "subname_tw": "匈牙利語(匈牙利)",
      "flag": "https://www.dfs.smart0.cn/group1/M00/01/45/Ch9MHVo6HdOEOqs8AAAAAPizyW0408.jpg"
    },
    {
      "id": 64,
      "name": "Tiếng Việt (Việt Nam)",
      "subname_en": "Vietnamese",
      "subname_hk": "越南語(越南)",
      "subname_zh": "越南语(越南)",
      "subname_ja": "ベトナム語(ベトナム)",
      "subname_ru": "Вьетнамский язык (Вьетнам)",
      "subname_ko": "베트남어",
      "subname_es": "Vietnamita (vietnamita)",
      "subname_fr": "Viet nam (viet nam)",
      "subname_nl": "Vietnamees (Vietnam)",
      "subname_pt": "O vietnamita (vietname)",
      "subname_it": "Vietnamita (Vietnam)",
      "subname_tw": "越南語(越南)",
      "flag": "https://www.dfs.smart0.cn/group1/M00/01/45/Ch9MHVo6HemEZqbaAAAAAMuKQrs761.jpg"
    },
    {
      "id": 76,
      "name": "لعربية(السعودية)",
      "subname_en": "Arabia (Saudi Arabia)",
      "subname_hk": "阿拉伯（沙特）",
      "subname_zh": "阿拉伯（沙特）",
      "subname_ja": "アラブ(サウジ)",
      "subname_ru": "Арабский (саудовская аравия)",
      "subname_ko": "아라비아 (사우디아라비아)",
      "subname_es": "Arabia Saudita (Arabia Saudita)",
      "subname_fr": "L’arabie saoudite ()",
      "subname_nl": "Arab (Saoedi-Arabië)",
      "subname_pt": "Árabe (arábia saudita)",
      "subname_it": "Inglés (india)",
      "subname_tw": "Arabo (Arabia Saudita)",
      "flag": "https://www.dfs.smart0.cn/group1/M00/01/45/Ch9MHVo6HhOEdA93AAAAAAfFBIQ522.jpg"
    },
    {
      "id": 27,
      "name": "BahasaIndonesia(Indonesia)",
      "subname_en": "Indonesian",
      "subname_hk": "印尼語",
      "subname_zh": "印尼语",
      "subname_ja": "インドネシア語",
      "subname_ru": "Индийский язык",
      "subname_ko": "인디어",
      "subname_es": "indonesio",
      "subname_fr": "indonésien",
      "subname_nl": "Indonesisch",
      "subname_pt": "indonésio",
      "subname_it": "indonesiano",
      "subname_tw": "印尼語",
      "flag": "https://www.dfs.smart0.cn/group1/M00/01/45/Ch9MHVo6HjKEQYISAAAAANriuvQ168.jpg"
    },
    {
      "id": 92,
      "name": "தமிழ் மொழி",
      "subname_en": "Tamil",
      "subname_hk": "泰米爾",
      "subname_zh": "泰米尔",
      "subname_ja": "タミル語",
      "subname_ru": "Тамир.",
      "subname_ko": "타지",
      "subname_es": "tamil",
      "subname_fr": "tamil",
      "subname_nl": "Tamil",
      "subname_pt": "tamil",
      "subname_it": "Tamil",
      "subname_tw": "泰米爾",
      "flag": "https://www.dfs.smart0.cn/group2/M00/00/D7/Ch9MEFo6FqCEU2U8AAAAANot0Y8204.jpg"
    },
    {
      "id": 86,
      "name": "हिन्दी(भारत)",
      "subname_en": "Hindi",
      "subname_hk": "印地語",
      "subname_zh": "印地语",
      "subname_ja": "ヒンディー語",
      "subname_ru": "хинди",
      "subname_ko": "인디언",
      "subname_es": "hindi",
      "subname_fr": "hindi",
      "subname_nl": "Hindi",
      "subname_pt": "Em hindi",
      "subname_it": "hindi",
      "subname_tw": "印地語",
      "flag": "https://www.dfs.smart0.cn/group2/M00/00/D7/Ch9MEFo6FqCEU2U8AAAAANot0Y8204.jpg"
    },
    {
      "id": 66,
      "name": "Ελληνικά",
      "subname_en": "Greek",
      "subname_hk": "希臘語",
      "subname_zh": "希腊语",
      "subname_ja": "ギリシア語",
      "subname_ru": "греческий",
      "subname_ko": "그리스어",
      "subname_es": "griego",
      "subname_fr": "grec",
      "subname_nl": "Grieks",
      "subname_pt": "grego",
      "subname_it": "greco",
      "subname_tw": "希臘語",
      "flag": "https://www.dfs.smart0.cn/group2/M00/00/F1/Ch9MEFpEx4CEOb0EAAAAAOz3yuk609.jpg"
    },
    {
      "id": 65,
      "name": "Türkçe(Türkiye)",
      "subname_en": "Turkish",
      "subname_hk": "土爾其語",
      "subname_zh": "土耳其语",
      "subname_ja": "トルコ語",
      "subname_ru": "Турецкий язык",
      "subname_ko": "터키어",
      "subname_es": "turco",
      "subname_fr": "turc",
      "subname_nl": "Turkse taal",
      "subname_pt": "turco",
      "subname_it": "lingua turca",
      "subname_tw": "土爾其語",
      "flag": "https://www.dfs.smart0.cn/group2/M00/00/F1/Ch9MEFpEzDuEbvjUAAAAAJ9t_mc610.jpg"
    },
    {
      "id": 68,
      "name": "Српски",
      "subname_en": "Serbian",
      "subname_hk": "塞爾維亞語",
      "subname_zh": "塞尔维亚语",
      "subname_ja": "セルビア語",
      "subname_ru": "Язык сербии",
      "subname_ko": "세르비아 말.",
      "subname_es": "serbio",
      "subname_fr": "En serbe",
      "subname_nl": "Servische taal",
      "subname_pt": "sérvia",
      "subname_it": "lingua serba",
      "subname_tw": "塞爾維亞語",
      "flag": "https://www.dfs.smart0.cn/group2/M00/00/F1/Ch9MEFpEzHKEQ0NfAAAAAEoOxO8381.jpg"
    },
    {
      "id": 93,
      "name": "Bosanski",
      "subname_en": "Bosnian",
      "subname_hk": "波斯尼亞語",
      "subname_zh": "波斯尼亚语",
      "subname_ja": "ボスニア語",
      "subname_ru": "Боснийский язык",
      "subname_ko": "보스니아어.",
      "subname_es": "bosnio",
      "subname_fr": "En bosniaque",
      "subname_nl": "Bosnisch",
      "subname_pt": "Língua bósnia",
      "subname_it": "bosniaco",
      "subname_tw": "波斯尼亞語",
      "flag": "https://www.dfs.smart0.cn/group2/M00/00/F1/Ch9MEFpEzJmEVrS5AAAAABV5l_Y410.jpg"
    },
    {
      "id": 94,
      "name": "Eesti keel",
      "subname_en": "Estonian",
      "subname_hk": "愛沙尼亞語",
      "subname_zh": "爱沙尼亚语",
      "subname_ja": "エストニア語",
      "subname_ru": "Эстонский язык",
      "subname_ko": "에스토니아어.",
      "subname_es": "estonio",
      "subname_fr": "estonien",
      "subname_nl": "Estlands",
      "subname_pt": "estónia",
      "subname_it": "estone",
      "subname_tw": "愛沙尼亞語",
      "flag": "https://www.dfs.smart0.cn/group2/M00/00/F1/Ch9MEFpEzLeEBcFkAAAAAOyi2wk188.png"
    },
    {
      "id": 95,
      "name": "shqiptar",
      "subname_en": "Albanian",
      "subname_hk": "阿爾巴尼亞語",
      "subname_zh": "阿尔巴尼亚语",
      "subname_ja": "アルバニア語",
      "subname_ru": "албанский",
      "subname_ko": "알바니아어.",
      "subname_es": "albanés",
      "subname_fr": "albanais",
      "subname_nl": "Albanees",
      "subname_pt": "albanês",
      "subname_it": "albanese",
      "subname_tw": "阿爾巴尼亞語",
      "flag": "https://www.dfs.smart0.cn/group2/M00/00/F1/Ch9MEFpEzNmEBg31AAAAAKkFXRo413.jpg"
    },
    {
      "id": 28,
      "name": "shqiptar",
      "subname_en": "Malaysia",
      "subname_hk": "馬來西亞",
      "subname_zh": "马来西亚语",
      "subname_ja": "マレーシア",
      "subname_ru": "Малайский язык",
      "subname_ko": "말레이시아어",
      "subname_es": "malasio",
      "subname_fr": "En malaisie",
      "subname_nl": "Maleis",
      "subname_pt": "Da malásia",
      "subname_it": "malese",
      "subname_tw": "馬來西亞",
      "flag": "https://www.dfs.smart0.cn/group1/M00/01/F4/Ch9MHVqiZT2AUe99AABkgSOdBN8764.jpg"
    },
    {
      "id": 108,
      "name": "ئۇيغۇر تىلى",
      "subname_en": "uygur",
      "subname_hk": "維吾爾語",
      "subname_zh": "维吾尔语",
      "subname_ja": "ウイグル",
      "subname_ru": "Уйгурский язык",
      "subname_ko": "위구르어",
      "subname_es": "uigur",
      "subname_fr": "ouïgour",
      "subname_nl": "Oeigoerse",
      "subname_pt": "uigur",
      "subname_it": "Uighur",
      "subname_tw": "維吾爾語",
      "flag": "https://www.dfs.smart0.cn/group2/M00/01/76/Ch9MEFqfk-2AMEOsAABq0_nWr50929.jpg"
    },
    {
      "id": 85,
      "name": "हिन्दी(भारत)",
      "subname_en": "farsi",
      "subname_hk": "波斯語",
      "subname_zh": "波斯语",
      "subname_ja": "ペルシア語",
      "subname_ru": "Персидский язык",
      "subname_ko": "페르시아",
      "subname_es": "persa",
      "subname_fr": "persan",
      "subname_nl": "Perzisch",
      "subname_pt": "farsi",
      "subname_it": "persiano",
      "subname_tw": "波斯語",
      "flag": "https://www.dfs.smart0.cn/group2/M00/01/E5/Ch9MEFrPJV6AdFTpAABNSJbmO7o568.jpg"
    },
    {
      "id": 121,
      "name": "ភាសាខ្មែរ (កម្ពុជា)",
      "subname_en": "Khmer(Cambodia)",
      "subname_hk": "高棉(柬埔寨)",
      "subname_zh": "高棉(柬埔寨)",
      "subname_ja": "クメール(カンボジア)",
      "subname_ru": "Хлопок (Камбоджа)",
      "subname_ko": "면 (캄보디아)",
      "subname_es": "Khmer (camboya)",
      "subname_fr": "Khmer (Cambodge)",
      "subname_nl": "Khmer (Cambodja)",
      "subname_pt": "Khmer (camboja)",
      "subname_it": "Khmer (Cambogia)",
      "subname_tw": "高棉(柬埔寨)",
      "flag": "https://www.dfs.smart0.cn/group1/M00/03/00/Ch9MHVrxFNuAASR4AABGoGImdTw350.jpg"
    },
    {
      "id": 110,
      "name": "ລາວ(ລາວ)",
      "subname_en": "Lao(Laos)",
      "subname_hk": "老撾",
      "subname_zh": "老挝",
      "subname_ja": "ラオス",
      "subname_ru": "Лаос",
      "subname_ko": "라오 스",
      "subname_es": "lao",
      "subname_fr": "La république démocratique populaire lao",
      "subname_nl": "Laos",
      "subname_pt": "O laos",
      "subname_it": "Laos",
      "subname_tw": "老撾",
      "flag": "https://www.dfs.smart0.cn/group1/M00/03/00/Ch9MHVrxFOCAZS4BAABCDS8MUr4543.jpg"
    },
    {
      "id": 111,
      "name": "नेपाली (नेपाल)",
      "subname_en": "Nepali(Nepal)",
      "subname_hk": "尼泊爾",
      "subname_zh": "尼泊尔",
      "subname_ja": "ネパール",
      "subname_ru": "Непал",
      "subname_ko": "네팔",
      "subname_es": "nepal",
      "subname_fr": "Népal",
      "subname_nl": "Nepal",
      "subname_pt": "No nepal",
      "subname_it": "Nepal",
      "subname_tw": "尼泊爾",
      "flag": "https://www.dfs.smart0.cn/group1/M00/03/00/Ch9MHVrxFOiAZBBBAABKimQxWpI159.jpg"
    },
    {
      "id": 112,
      "name": "සිංහල (ශ්රී ලංකාව)",
      "subname_en": "Sinhala",
      "subname_hk": "僧伽羅(斯里蘭卡)",
      "subname_zh": "僧伽罗(斯里兰卡)",
      "subname_ja": "シンハラ（スリランカ）",
      "subname_ru": "Сингальский (шри-ланка)",
      "subname_ko": "승려 (스리랑카)",
      "subname_es": "Sinhala (Sri Lanka)",
      "subname_fr": "Cinghalais (Sri Lanka)",
      "subname_nl": "Sinhala (Sri Lanka)",
      "subname_pt": "Cingalês (sri lanka)",
      "subname_it": "Sinhala (Sri Lanka)",
      "subname_tw": "僧伽羅(斯里蘭卡)",
      "flag": "https://www.dfs.smart0.cn/group2/M00/02/3B/Ch9MEFr79-qAQBnVAAAPeWFFeuo458.jpg"
    },
    {
      "id": 70,
      "name": "עברית(ישראל)",
      "subname_en": "Hebrew(Israel)",
      "subname_hk": "希伯來語(以色列)",
      "subname_zh": "希伯来语(以色列)",
      "subname_ja": "ヘブライ語(イスラエル)",
      "subname_ru": "Иврит (Израиль)",
      "subname_ko": "히틀러 (이스라엘)",
      "subname_es": "Hebreo (israel)",
      "subname_fr": "Hébreu (Israël)",
      "subname_nl": "Hebreeuws (Israël)",
      "subname_pt": "O hebraico (israel)",
      "subname_it": "Ebraico (Israele)",
      "subname_tw": "希伯來語(以色列)",
      "flag": "https://www.dfs.smart0.cn/group2/M00/02/51/Ch9MEFsEysOATvkwAABHvbPbNqc242.jpg"
    },
    {
      "id": 33,
      "name": "English(South Africa)",
      "subname_en": "English(South Africa)",
      "subname_hk": "英語(南非)",
      "subname_zh": "英语(南非)",
      "subname_ja": "英語(南アフリカ)",
      "subname_ru": "Английский (Южная Африка)",
      "subname_ko": "영어 (남아공)",
      "subname_es": "Inglés (sudáfrica)",
      "subname_fr": "Anglais (Afrique du Sud)",
      "subname_nl": "Engels (Zuid-Afrika)",
      "subname_pt": "Inglês (áfrica do sul)",
      "subname_it": "Inglese (Sudafrica)",
      "subname_tw": "英語(南非)",
      "flag": "https://www.dfs.smart0.cn/group1/M00/03/58/Ch9MHVsXpAuAVvbmAABYPSIjnUg219.jpg"
    },
    {
      "id": 113,
      "name": "Հայ(Հայաստան)",
      "subname_en": "Armenian (Armenia)",
      "subname_hk": "亞美尼亞(亞美尼亞)",
      "subname_zh": "亚美尼亚（亚美尼亚）",
      "subname_ja": "アルメニア(アルメニア)",
      "subname_ru": "Армения (армения)",
      "subname_ko": "아르메니아 (아르메니아)",
      "subname_es": "Armenia (armenia)",
      "subname_fr": "Arménie (Arménie)",
      "subname_nl": "Armenië (Armenië)",
      "subname_pt": "Armênia (arménia)",
      "subname_it": "Armenia (Armenia)",
      "subname_tw": "亞美尼亞(亞美尼亞)",
      "flag": "https://www.dfs.smart0.cn/group2/M00/02/76/Ch9MEFsXpdiAeadRAAAskWksm9U820.jpg"
    },
    {
      "id": 114,
      "name": "বাংলা(বাংলাদেশ)",
      "subname_en": "Bengali(Bangladesh)",
      "subname_hk": "孟加拉語(孟加拉國)",
      "subname_zh": "孟加拉语(孟加拉国)",
      "subname_ja": "バングラデシュ(バングラデシュ)",
      "subname_ru": "Бенгальский язык (бангладеш)",
      "subname_ko": "방글라데시 (방글라데시)",
      "subname_es": "Bengalí (bangladesh)",
      "subname_fr": "Bengali (Bangladesh)",
      "subname_nl": "Bengaals (Bangladesh)",
      "subname_pt": "Bengali (bangladesh)",
      "subname_it": "Bengali (Bangladesh)",
      "subname_tw": "孟加拉語(孟加拉國)",
      "flag": "https://www.dfs.smart0.cn/group2/M00/02/76/Ch9MEFsXo6iAVH93AAAwc8RN4zo708.jpg"
    },
    {
      "id": 53,
      "name": "Filipino(Pilipinas)",
      "subname_en": "Filipino(Philippines)",
      "subname_hk": "菲律賓語(菲律賓)",
      "subname_zh": "菲律宾语(菲律宾)",
      "subname_ja": "フィリピン語(フィリピン)",
      "subname_ru": "Филиппинский язык (Филиппины)",
      "subname_ko": "필리핀 (필리핀)",
      "subname_es": "Filipino (filipinas)",
      "subname_fr": "Philippines (Philippines)",
      "subname_nl": "Filipijns (Filippijnen)",
      "subname_pt": "Pilipino (filipinas)",
      "subname_it": "Filippino (Filippine)",
      "subname_tw": "菲律賓語(菲律賓)",
      "flag": "https://www.dfs.smart0.cn/group1/M00/03/57/Ch9MHVsXojWABV52AABInmLnHKY836.jpg"
    },
    {
      "id": 34,
      "name": "Español(Argentina)",
      "subname_en": "Spanish(Argentina)",
      "subname_hk": "西班牙語(阿根廷)",
      "subname_zh": "西班牙语(阿根廷)",
      "subname_ja": "スペイン語(アルゼンチン)",
      "subname_ru": "Испанский (Аргентина)",
      "subname_ko": "스페인어 (아르헨티나)",
      "subname_es": "Español (argentina)",
      "subname_fr": "Espagnol (Argentine)",
      "subname_nl": "Spaans (Argentinië)",
      "subname_pt": "Espanhol (argentina)",
      "subname_it": "Spagnolo (Argentina)",
      "subname_tw": "西班牙語(阿根廷)",
      "flag": "https://www.dfs.smart0.cn/group1/M00/03/57/Ch9MHVsXoJOAUUulAAAwbiguh2U417.jpg"
    },
    {
      "id": 35,
      "name": "Español(Bolivia)",
      "subname_en": "Spanish(Bolivia)",
      "subname_hk": "西班牙語(玻利維亞)",
      "subname_zh": "西班牙语(玻利维亚)",
      "subname_ja": "スペイン語(ボリビア)",
      "subname_ru": "Испанский (Боливия)",
      "subname_ko": "스페인어 (볼리비아)",
      "subname_es": "Español (bolivia)",
      "subname_fr": "Espagnol (Bolivie)",
      "subname_nl": "Spaans (Bolivia)",
      "subname_pt": "Espanhol (bolívia)",
      "subname_it": "Spagnolo (Bolivia)",
      "subname_tw": "西班牙語(玻利維亞)",
      "flag": "https://www.dfs.smart0.cn/group2/M00/02/76/Ch9MEFsXogaAKg1OAAA1NevZdlk337.jpg"
    },
    {
      "id": 36,
      "name": "Español(Chile)",
      "subname_en": "Spanish(Chile)",
      "subname_hk": "西班牙語(智利)",
      "subname_zh": "西班牙语(智利)",
      "subname_ja": "スペイン語(チリ)",
      "subname_ru": "Испанский (Чили)",
      "subname_ko": "스페인어 (칠레)",
      "subname_es": "Español (chile)",
      "subname_fr": "Espagnol (Chili)",
      "subname_nl": "Spaans (Chili)",
      "subname_pt": "Espanhol (chile)",
      "subname_it": "Spagnolo (Cile)",
      "subname_tw": "西班牙語(智利)",
      "flag": "https://www.dfs.smart0.cn/group1/M00/03/58/Ch9MHVsXpmSAafsFAAAulDhw5qc716.jpg"
    },
    {
      "id": 47,
      "name": "Español(Perú)",
      "subname_en": "Spanish(Peru)",
      "subname_hk": "西班牙語(秘魯)",
      "subname_zh": "西班牙语(秘鲁)",
      "subname_ja": "スペイン語(ペルー)",
      "subname_ru": "Испанский (перу)",
      "subname_ko": "스페인어 (페루)",
      "subname_es": "Español (perú)",
      "subname_fr": "Espagnol (Pérou)",
      "subname_nl": "Spaans (Peru)",
      "subname_pt": "Espanhol (peru)",
      "subname_it": "Spagnolo (Perù)",
      "subname_tw": "西班牙語(秘魯)",
      "flag": "https://www.dfs.smart0.cn/group2/M00/02/76/Ch9MEFsXo9mAAbXyAABCGeZ919I912.jpg"
    },
    {
      "id": 55,
      "name": "Hrvatski(Hrvatska)",
      "subname_en": "Croatian(Croatia)",
      "subname_hk": "克羅地亞(克羅地亞)",
      "subname_zh": "克罗地亚（克罗地亚）",
      "subname_ja": "クロアチア(クロアチア)",
      "subname_ru": "Хорватия (хорватия)",
      "subname_ko": "크로아티아 (크로아티아)",
      "subname_es": "Croacia (croacia)",
      "subname_fr": "Croatie (Croatie)",
      "subname_nl": "Kroatië (Kroatië)",
      "subname_pt": "A croácia (croácia)",
      "subname_it": "Croazia (Croazia)",
      "subname_tw": "克羅地亞(克羅地亞)",
      "flag": "https://www.dfs.smart0.cn/group1/M00/03/57/Ch9MHVsXotaAYxf0AABLAUt5XwQ451.jpg"
    },
    {
      "id": 57,
      "name": "Íslenska(Ísland)",
      "subname_en": "Icelandic(Iceland)",
      "subname_hk": "冰島(冰島)",
      "subname_zh": "冰岛(冰岛)",
      "subname_ja": "アイスランド(アイスランド)",
      "subname_ru": "Исландия (Исландия)",
      "subname_ko": "아이슬란드 (아이슬란드)",
      "subname_es": "Islandia (islandia)",
      "subname_fr": "Islande (Islande)",
      "subname_nl": "IJsland (IJsland)",
      "subname_pt": "Islândia (islândia)",
      "subname_it": "Islanda (Islanda)",
      "subname_tw": "冰島(冰島)",
      "flag": "https://www.dfs.smart0.cn/group2/M00/02/76/Ch9MEFsXoayAWMhUAAA9TZA2O9s613.jpg"
    },
    {
      "id": 122,
      "name": "Latviešu(latviešu)",
      "subname_en": "Latvian(Latvia)",
      "subname_hk": "拉脫維亞(拉脫維亞)",
      "subname_zh": "拉脱维亚(拉脱维亚)",
      "subname_ja": "ラトビア(ラトビア)",
      "subname_ru": "Латвия (Латвия)",
      "subname_ko": "라트비아 (라트비아)",
      "subname_es": "Letonia (letonia)",
      "subname_fr": "Lettonie (Lettonie)",
      "subname_nl": "Letland (Letland)",
      "subname_pt": "Letónia (letónia)",
      "subname_it": "Lettonia (Lettonia)",
      "subname_tw": "拉脫維亞(拉脫維亞)",
      "flag": "https://www.dfs.smart0.cn/group1/M00/03/5B/Ch9MHVsYzgiAVRurAAAoaHsOkZ4377.jpg"
    },
    {
      "id": 60,
      "name": "Norsk bokmål(Norge)",
      "subname_en": "Norwegian Bokmål(Norway)",
      "subname_hk": "挪威博克馬爾(挪威)",
      "subname_zh": "挪威博克马尔(挪威)",
      "subname_ja": "ノルウェーのボーク(ノルウェー)",
      "subname_ru": "Норвегия (Норвегия)",
      "subname_ko": "노르웨이 보 크 마르 (노르웨이)",
      "subname_es": "Bokmar (noruega)",
      "subname_fr": "La Norvège dans le district autonome de yamal d’obock (Norvège)",
      "subname_nl": "Norwegian Bokmal (Noorwegen)",
      "subname_pt": "Bork omar da noruega (noruega)",
      "subname_it": "Norwegian Bokmal (Norvegia)",
      "subname_tw": "挪威博克馬爾(挪威)",
      "flag": "https://www.dfs.smart0.cn/group1/M00/03/58/Ch9MHVsXpDqALT1VAABE-hLk5ew395.jpg"
    },
    {
      "id": 62,
      "name": "Slovenčina(Slovensko)",
      "subname_en": "Slovak(Slovakia)",
      "subname_hk": "斯洛伐克(斯洛伐克)",
      "subname_zh": "斯洛伐克(斯洛伐克)",
      "subname_ja": "スロバキア(スロバキア)",
      "subname_ru": "Словакия (словакия)",
      "subname_ko": "슬로바키아",
      "subname_es": "Eslovaquia (eslovaquia)",
      "subname_fr": "Slovaquie (slovaquie)",
      "subname_nl": "Slowakije (Slowakije)",
      "subname_pt": "A eslováquia (eslováquia)",
      "subname_it": "Slovacchia (Slovacchia)",
      "subname_tw": "斯洛伐克(斯洛伐克)",
      "flag": "https://www.dfs.smart0.cn/group2/M00/02/76/Ch9MEFsXpHiAH1XNAABIFUM-f7A749.jpg"
    },
    {
      "id": 63,
      "name": "Slovenščina(Slovenija)",
      "subname_en": "Slovenian(Slovenia)",
      "subname_hk": "斯洛維尼亞語(斯洛文尼亞)",
      "subname_zh": "斯洛维尼亚语(斯洛文尼亚)",
      "subname_ja": "スロベニア語(スロベニア)",
      "subname_ru": "Язык словиния (словения)",
      "subname_ko": "스로 비니아 (슬로베니아)",
      "subname_es": "Sloveniano (eslovenia)",
      "subname_fr": "La coopération, (Slovénie)",
      "subname_nl": "Sloveens (Slovenië)",
      "subname_pt": "Slovenija (eslovénia)",
      "subname_it": "Sloveno (Slovenia)",
      "subname_tw": "斯洛維尼亞語(斯洛文尼亞)",
      "flag": "https://www.dfs.smart0.cn/group1/M00/03/58/Ch9MHVsXpLmAAgZfAAA7BRJBdTU665.jpg"
    },
    {
      "id": 67,
      "name": "Български(България)",
      "subname_en": "Bulgarian(Bulgaria)",
      "subname_hk": "保加利亞語(保加利亞)",
      "subname_zh": "保加利亚语(保加利亚)",
      "subname_ja": "ブルガリア語(ブルガリア)",
      "subname_ru": "Болгария (Болгария)",
      "subname_ko": "불가리아 (불가리아)",
      "subname_es": "Búlgaro (bulgaria)",
      "subname_fr": "Bulgare (Bulgarie)",
      "subname_nl": "Bulgaars (Bulgarije)",
      "subname_pt": "Búlgaro (bulgária)",
      "subname_it": "Bulgaro (Bulgaria)",
      "subname_tw": "保加利亞語(保加利亞)",
      "flag": "https://www.dfs.smart0.cn/group2/M00/02/76/Ch9MEFsXoYCALoffAAAq6TA7Kbk363.jpg"
    },
    {
      "id": 69,
      "name": "Українська(Україна)",
      "subname_en": "Ukrainian(Ukraine)",
      "subname_hk": "烏克蘭(烏克蘭)",
      "subname_zh": "乌克兰(乌克兰)",
      "subname_ja": "ウクライナ(ウクライナ)",
      "subname_ru": "Украина (Украина)",
      "subname_ko": "우크라이나 (우크라이나)",
      "subname_es": "Ucrania (ucrania)",
      "subname_fr": "Ukraine (Ukraine)",
      "subname_nl": "Oekraïne (Oekraïne)",
      "subname_pt": "Ucrânia (ucrânia)",
      "subname_it": "Ucraina (Ucraina)",
      "subname_tw": "烏克蘭(烏克蘭)",
      "flag": "https://www.dfs.smart0.cn/group2/M00/02/76/Ch9MEFsXpW6Ac8ZpAAArPFjZRpg424.jpg"
    },
    {
      "id": 71,
      "name": "العربية (إسرائيل)",
      "subname_en": "Arabic(Israel)",
      "subname_hk": "阿拉伯語(以色列)",
      "subname_zh": "阿拉伯语(以色列)",
      "subname_ja": "アラブ(イスラエル)",
      "subname_ru": "Арабский (Израиль)",
      "subname_ko": "아랍어",
      "subname_es": "Árabe (israel)",
      "subname_fr": "Arabe (Israël)",
      "subname_nl": "Arabisch (Israël)",
      "subname_pt": "Árabe (israel)",
      "subname_it": "Arabo (Israele)",
      "subname_tw": "阿拉伯語(以色列)",
      "flag": "https://www.dfs.smart0.cn/group2/M00/02/51/Ch9MEFsEysOATvkwAABHvbPbNqc242.jpg"
    },
    {
      "id": 72,
      "name": "العربية (الأردن)",
      "subname_en": "Arabic(Jordan)",
      "subname_hk": "阿拉伯語(約旦)",
      "subname_zh": "阿拉伯语（约旦）",
      "subname_ja": "アラブ(ヨルダン)",
      "subname_ru": "Арабский (Иордания)",
      "subname_ko": "아랍어 (요르단)",
      "subname_es": "Árabe (jordania)",
      "subname_fr": "Arabe (Jordanie)",
      "subname_nl": "Arabisch (Jordanië)",
      "subname_pt": "Árabe (jordânia)",
      "subname_it": "Arabo (Giordania)",
      "subname_tw": "阿拉伯語(約旦)",
      "flag": "https://www.dfs.smart0.cn/group1/M00/03/58/Ch9MHVsXpiuAOhhJAAA4Z0vZdfE392.jpg"
    },
    {
      "id": 73,
      "name": "العربية (الإمارات)",
      "subname_en": "Arabic(United Arab Emirates)",
      "subname_hk": "阿拉伯語(阿聯酋)",
      "subname_zh": "阿拉伯语(阿联酋)",
      "subname_ja": "アラブ(アラブ首長国連邦)",
      "subname_ru": "Арабский (оаэ)",
      "subname_ko": "아랍어 (아랍에미리트)",
      "subname_es": "Árabe (Emiratos Árabes Unidos)",
      "subname_fr": "Arabe (Émirats arabes unis)",
      "subname_nl": "Arabisch (Verenigde Arabische Emiraten)",
      "subname_pt": "Árabe (emirados árabes unidos)",
      "subname_it": "Arabo (Emirati Arabi Uniti)",
      "subname_tw": "阿拉伯語(阿聯酋)",
      "flag": "https://www.dfs.smart0.cn/group2/M00/02/75/Ch9MEFsXoQWAK4CmAAAr7GY2XK8585.jpg"
    },
    {
      "id": 77,
      "name": "العربية (العراق)",
      "subname_en": "Arabic(Iraq)",
      "subname_hk": "阿拉伯語(伊拉克)",
      "subname_zh": "阿拉伯语(伊拉克)",
      "subname_ja": "アラブ(イラク)",
      "subname_ru": "Арабский (Ирак)",
      "subname_ko": "아랍어",
      "subname_es": "Árabe (iraq)",
      "subname_fr": "Arabe (Iraq)",
      "subname_nl": "Arabisch (Irak)",
      "subname_pt": "Árabe (iraque)",
      "subname_it": "Arabo (Iraq)",
      "subname_tw": "阿拉伯語(伊拉克)",
      "flag": "https://www.dfs.smart0.cn/group1/M00/03/58/Ch9MHVsXpgeASga6AAA9Tlm7b2c905.jpg"
    },
    {
      "id": 117,
      "name": "English(Kenya)",
      "subname_en": "English(Kenya)",
      "subname_hk": "英語(肯尼亞)",
      "subname_zh": "英语(肯尼亚)",
      "subname_ja": "英語(ケニア)",
      "subname_ru": "Английский (Кения)",
      "subname_ko": "영어 (케냐)",
      "subname_es": "Inglés (kenia)",
      "subname_fr": "Anglais (Kenya)",
      "subname_nl": "Engels (Kenia)",
      "subname_pt": "Inglês (quénia)",
      "subname_it": "Inglese (Kenya)",
      "subname_tw": "英語(肯尼亞)",
      "flag": "https://www.dfs.smart0.cn/group1/M00/03/57/Ch9MHVsXowaANjHzAABAsStWxiY934.jpg"
    },
    {
      "id": 118,
      "name": "English(Nigeria)",
      "subname_en": "English(Nigeria)",
      "subname_hk": "英語(尼日利亞)",
      "subname_zh": "英语(尼日利亚)",
      "subname_ja": "英語(ナイジェリア)",
      "subname_ru": "Английский (Нигерия)",
      "subname_ko": "영어 (나이지리아)",
      "subname_es": "Inglés (nigeria)",
      "subname_fr": "Anglais (nigéria)",
      "subname_nl": "Engels (Nigeria)",
      "subname_pt": "Inglês (nigéria)",
      "subname_it": "Inglese (Nigeria)",
      "subname_tw": "英語(尼日利亞)",
      "flag": "https://www.dfs.smart0.cn/group2/M00/02/77/Ch9MEFsXs5-Ab92aAAAtycyZt8A156.jpg"
    },
    {
      "id": 119,
      "name": "English(Tanzania)",
      "subname_en": "English(Tanzania)",
      "subname_hk": "英语(坦桑尼亞)",
      "subname_zh": "英语(坦桑尼亚)",
      "subname_ja": "英語(タンザニア)",
      "subname_ru": "Английский (танзания)",
      "subname_ko": "영어 (탄자니아)",
      "subname_es": "Inglés (tanzania)",
      "subname_fr": "Anglais (république-unie de Tanzanie)",
      "subname_nl": "Engels (Tanzania)",
      "subname_pt": "Inglês (tanzânia)",
      "subname_it": "Inglese (Tanzania)",
      "subname_tw": "英语(坦桑尼亞)",
      "flag": "https://www.dfs.smart0.cn/group2/M00/02/76/Ch9MEFsXpPmABgw4AABPIqDabhs478.jpg"
    },
    {
      "id": 81,
      "name": "العربية (عُمان)",
      "subname_en": "Arabic(Oman)",
      "subname_hk": "阿拉伯語(阿曼)",
      "subname_zh": "阿拉伯语(阿曼)",
      "subname_ja": "アラビア語(オマーン)",
      "subname_ru": "Арабский (Оман)",
      "subname_ko": "아랍어",
      "subname_es": "Árabe (oman)",
      "subname_fr": "Arabe (Oman)",
      "subname_nl": "Arabisch (Oman)",
      "subname_pt": "Árabe (omã)",
      "subname_it": "Arabo (Oman)",
      "subname_tw": "阿拉伯語(阿曼)",
      "flag": "https://www.dfs.smart0.cn/group2/M00/02/76/Ch9MEFsXoU-AWJf1AABEXT5KL5E093.jpg"
    },
    {
      "id": 84,
      "name": "العربية (لبنان)",
      "subname_en": "Arabic(Lebanon)",
      "subname_hk": "阿拉伯語(黎巴嫩)",
      "subname_zh": "阿拉伯语(黎巴嫩)",
      "subname_ja": "アラビア語(レバノン)",
      "subname_ru": "Арабский (Ливан)",
      "subname_ko": "아랍어 (레바논)",
      "subname_es": "Árabe (líbano)",
      "subname_fr": "Arabe (Liban)",
      "subname_nl": "Arabisch (Libanon)",
      "subname_pt": "Árabe (líbano)",
      "subname_it": "Arabo (Libano)",
      "subname_tw": "阿拉伯語(黎巴嫩)",
      "flag": "https://www.dfs.smart0.cn/group2/M00/02/76/Ch9MEFsXo2uAe8Q3AABEsORH9mo232.jpg"
    },
    {
      "id": 80,
      "name": "العربية (تونس)",
      "subname_en": "Arabic(Tunisia)",
      "subname_hk": "阿拉伯語(突尼斯)",
      "subname_zh": "阿拉伯语(突尼斯)",
      "subname_ja": "アラビア語(チュニジア)",
      "subname_ru": "Арабский (тунис)",
      "subname_ko": "아라비아어",
      "subname_es": "Árabe (túnez)",
      "subname_fr": "Arabe (Tunisie)",
      "subname_nl": "Arabisch (Tunesië)",
      "subname_pt": "Árabe (tunísia)",
      "subname_it": "Arabo (Tunisia)",
      "subname_tw": "阿拉伯語(突尼斯)",
      "flag": "https://www.dfs.smart0.cn/group2/M00/02/76/Ch9MEFsXpTWAHNfHAABJAKXfkLw340.jpg"
    },
    {
      "id": 83,
      "name": "العربية (قطر)",
      "subname_en": "Arabic(Qatar)",
      "subname_hk": "阿拉伯語(卡塔爾)",
      "subname_zh": "阿拉伯语(卡塔尔)",
      "subname_ja": "アラビア語(カタール)",
      "subname_ru": "Арабский (катар)",
      "subname_ko": "아랍어 (카타르)",
      "subname_es": "Árabe (qatar)",
      "subname_fr": "Arabe (Qatar)",
      "subname_nl": "Arabisch (Qatar)",
      "subname_pt": "Árabe (qatar)",
      "subname_it": "Arabo (Qatar)",
      "subname_tw": "阿拉伯語(卡塔爾)",
      "flag": "https://www.dfs.smart0.cn/group2/M00/02/76/Ch9MEFsXomqAE68aAAA0bSH6Zt4040.jpg"
    },
    {
      "id": 78,
      "name": "العربية (الكويت)",
      "subname_en": "Arabic(Kuwait)",
      "subname_hk": "阿拉伯語(科威特)",
      "subname_zh": "阿拉伯语(科威特)",
      "subname_ja": "アラビア語(クウェート)",
      "subname_ru": "Арабский (Кувейт)",
      "subname_ko": "아랍어 (쿠웨이트)",
      "subname_es": "Árabe (kuwait)",
      "subname_fr": "Arabe (Koweït)",
      "subname_nl": "Arabisch (Koeweit)",
      "subname_pt": "Árabe (kuwait)",
      "subname_it": "Arabo (Kuwait)",
      "subname_tw": "阿拉伯語(科威特)",
      "flag": "https://www.dfs.smart0.cn/group1/M00/03/57/Ch9MHVsXoqOAC8ItAAA-bDR7Eiw012.jpg"
    },
    {
      "id": 127,
      "name": "தமிழ் (இலங்கை)",
      "subname_en": "Tamil(Sri Lanka)",
      "subname_hk": "泰米爾(斯里蘭卡)",
      "subname_zh": "泰米尔(斯里兰卡)",
      "subname_ja": "タミル(スリランカ)",
      "subname_ru": "Тамил (шри-ланка)",
      "subname_ko": "태미 (스리랑카)",
      "subname_es": "Tamil (Sri Lanka)",
      "subname_fr": "(Sri Lanka)",
      "subname_nl": "Tamil (Sri Lanka)",
      "subname_pt": "Tamil (sri lanka)",
      "subname_it": "Tamil (Sri Lanka)",
      "subname_tw": "泰米爾(斯里蘭卡)",
      "flag": "https://www.dfs.smart0.cn/group2/M00/02/3B/Ch9MEFr79-qAQBnVAAAPeWFFeuo458.jpg"
    },
    {
      "id": 128,
      "name": "தமிழ் (மலேசியா)",
      "subname_en": "Tamil(Malaysia)",
      "subname_hk": "泰米爾(馬來西亞)",
      "subname_zh": "泰米尔(马来西亚)",
      "subname_ja": "タミル(マレーシア)",
      "subname_ru": "Тамил (Малайзия)",
      "subname_ko": "태미 (말레이시아)",
      "subname_es": "Tamil (malasia)",
      "subname_fr": "(malaisie)",
      "subname_nl": "Tamil (Maleisië)",
      "subname_pt": "Tamil (malásia)",
      "subname_it": "Tamil (Malesia)",
      "subname_tw": "泰米爾(馬來西亞)",
      "flag": "https://www.dfs.smart0.cn/group1/M00/01/F4/Ch9MHVqiZT2AUe99AABkgSOdBN8764.jpg"
    },
    {
      "id": 124,
      "name": "Swahili(Tanzania)",
      "subname_en": "Swahili(Tanzania)",
      "subname_hk": "斯瓦希里語(坦桑尼亞)",
      "subname_zh": "斯瓦希里语(坦桑尼亚)",
      "subname_ja": "スワヒリ語(タンザニア)",
      "subname_ru": "Суахили (танзания)",
      "subname_ko": "스와 키 (탄자니아)",
      "subname_es": "Swahili (tanzania)",
      "subname_fr": "Swahili (république-unie de Tanzanie)",
      "subname_nl": "Swahili (Tanzania)",
      "subname_pt": "Suaíli (tanzânia)",
      "subname_it": "Swahili (Tanzania)",
      "subname_tw": "斯瓦希里語(坦桑尼亞)",
      "flag": "https://www.dfs.smart0.cn/group2/M00/02/76/Ch9MEFsXpPmABgw4AABPIqDabhs478.jpg"
    },
    {
      "id": 125,
      "name": "Swahili(Kenya)",
      "subname_en": "Swahili(Kenya)",
      "subname_hk": "斯瓦希里語(肯尼亞)",
      "subname_zh": "斯瓦希里语(肯尼亚)",
      "subname_ja": "スワヒリ語(ケニア)",
      "subname_ru": "Суахили (Кения)",
      "subname_ko": "슬라이어 (케냐)",
      "subname_es": "Swahili (kenia)",
      "subname_fr": "Swahili (Kenya)",
      "subname_nl": "Swahili (Kenia)",
      "subname_pt": "Suaíli (quénia)",
      "subname_it": "Swahili (Kenya)",
      "subname_tw": "斯瓦希里語(肯尼亞)",
      "flag": "https://www.dfs.smart0.cn/group1/M00/03/57/Ch9MHVsXowaANjHzAABAsStWxiY934.jpg"
    }
  ]
}